Method,Bias Δ (EN–UR),Utility Δ (EN–UR),Score Δ (EN–UR)
Baseline,0.1975,0.135,0.16625
Select,0.01650000000000007,0.01749999999999996,0.017000000000000126
Sequential,0.015000000000000013,0.1050000000000001,0.06000000000000005
